{
    "action": {
        "mean": [
            26.38115882873535,
            141.6326446533203,
            140.96627807617188,
            38.27250671386719,
            75.07840728759766,
            30.849348068237305
        ],
        "std": [
            31.56770133972168,
            18.006235122680664,
            17.20607566833496,
            23.104454040527344,
            8.146577835083008,
            28.563175201416016
        ],
        "max": [
            85.94367218017578,
            165.02728271484375,
            175.36875915527344,
            85.94306945800781,
            96.0501708984375,
            57.295780181884766
        ],
        "min": [
            -22.635149002075195,
            90.5594253540039,
            89.86003875732422,
            -26.406124114990234,
            48.77669906616211,
            0.0
        ]
    },
    "observation.state": {
        "mean": [
            25.850610733032227,
            140.24078369140625,
            142.6887664794922,
            38.268760681152344,
            74.48963928222656,
            33.146968841552734
        ],
        "std": [
            31.069673538208008,
            16.848220825195312,
            16.83128547668457,
            22.0849666595459,
            8.11256217956543,
            23.954519271850586
        ],
        "max": [
            83.759765625,
            159.609375,
            175.166015625,
            82.6171875,
            95.009765625,
            55.39215850830078
        ],
        "min": [
            -20.830078125,
            91.23046875,
            94.21875,
            -21.708984375,
            48.603515625,
            2.6143791675567627
        ]
    },
    "observation.images.right": {
        "mean": [
            [
                [
                    0.44220396876335144
                ]
            ],
            [
                [
                    0.43728765845298767
                ]
            ],
            [
                [
                    0.4153248965740204
                ]
            ]
        ],
        "std": [
            [
                [
                    0.23068366944789886
                ]
            ],
            [
                [
                    0.23477882146835327
                ]
            ],
            [
                [
                    0.23901450634002686
                ]
            ]
        ],
        "max": [
            [
                [
                    1.0
                ]
            ],
            [
                [
                    1.0
                ]
            ],
            [
                [
                    1.0
                ]
            ]
        ],
        "min": [
            [
                [
                    0.0
                ]
            ],
            [
                [
                    0.0
                ]
            ],
            [
                [
                    0.0
                ]
            ]
        ]
    },
    "timestamp": {
        "mean": [
            9.522239685058594
        ],
        "std": [
            7.431977272033691
        ],
        "max": [
            39.79999923706055
        ],
        "min": [
            0.0
        ]
    },
    "frame_index": {
        "mean": [
            285.6672668457031
        ],
        "std": [
            222.95941162109375
        ],
        "max": [
            1194.0
        ],
        "min": [
            0.0
        ]
    },
    "episode_index": {
        "mean": [
            10.087747573852539
        ],
        "std": [
            5.826587677001953
        ],
        "max": [
            19.0
        ],
        "min": [
            0.0
        ]
    },
    "index": {
        "mean": [
            4951.00048828125
        ],
        "std": [
            2858.7490234375
        ],
        "max": [
            9902.0
        ],
        "min": [
            0.0
        ]
    },
    "task_index": {
        "mean": [
            0.0
        ],
        "std": [
            0.0
        ],
        "max": [
            0.0
        ],
        "min": [
            0.0
        ]
    }
}